[
  {
    "HotelId": "1",
    "HotelName": "Secret Point Motel",
    "Description": "The hotel is ideally located on the main commercial artery of the city in the heart of New York. A few minutes away is Time's Square and the historic centre of the city, as well as other places of interest that make New York one of America's most attractive and cosmopolitan cities.",
    "Description_fr": "L'hôtel est idéalement situé sur la principale artère commerciale de la ville en plein cœur de New York. A quelques minutes se trouve la place du temps et le centre historique de la ville, ainsi que d'autres lieux d'intérêt qui font de New York l'une des villes les plus attractives et cosmopolites de l'Amérique.",
    "Category": "Boutique",
    "Tags": [ "pool", "air conditioning", "concierge" ],
    "ParkingIncluded": false,
    "LastRenovationDate": "1970-01-18T00:00:00Z",
    "Rating": 3.60,
    "Address": {
      "StreetAddress": "677 5th Ave",
      "City": "New York",
      "StateProvince": "NY",
      "PostalCode": "10022",
      "Country": "USA"
    },
    "Location": {
      "type": "Point",
      "coordinates": [ -73.975403, 40.760586 ]
    }
  },
  {
    "HotelId": "10",
    "HotelName": "Countryside Hotel",
    "Description": "Save up to 50% off traditional hotels.  Free WiFi, great location near downtown, full kitchen, washer & dryer, 24\/7 support, bowling alley, fitness center and more.",
    "Description_fr": "Économisez jusqu'à 50% sur les hôtels traditionnels.  WiFi gratuit, très bien situé près du centre-ville, cuisine complète, laveuse & sécheuse, support 24\/7, bowling, centre de fitness et plus encore.",
    "Category": "Budget",
    "Tags": [ "24-hour front desk service", "coffee in lobby", "restaurant" ],
    "ParkingIncluded": false,
    "LastRenovationDate": "1999-09-06T00:00:00Z",
    "Rating": 2.70,
    "Address": {
      "StreetAddress": "6910 Fayetteville Rd",
      "City": "Durham",
      "StateProvince": "NC",
      "PostalCode": "27713",
      "Country": "USA"
    },
    "Location": {
      "type": "Point",
      "coordinates": [ -78.940483, 35.904160 ]
    }
  },
  {
    "HotelId": "11",
    "HotelName": "Regal Orb Resort & Spa",
    "Description": "Your home away from home. Brand new fully equipped premium rooms, fast WiFi, full kitchen, washer & dryer, fitness center",
    "Description_fr": "Votre maison loin de chez vous. Flambant neuf chambres Premium entièrement équipées, WiFi rapide, cuisine complète, laveuse & sécheuse, centre de fitness",
    "Category": "Extended-Stay",
    "Tags": [ "free wifi", "restaurant", "24-hour front desk service" ],
    "ParkingIncluded": true,
    "LastRenovationDate": "1981-11-26T00:00:00Z",
    "Rating": 2.50,
    "Address": {
      "StreetAddress": "22422 29th Dr SE",
      "City": "Bothell",
      "StateProvince": "WA",
      "PostalCode": "98021",
      "Country": "USA"
    },
    "Location": {
      "type": "Point",
      "coordinates": [ -122.196700, 47.794540 ]
    }
  },
  {
    "HotelId": "12",
    "HotelName": "Winter Panorama Resort",
    "Description": "Newly-renovated with large rooms, free 24-hr airport shuttle & a new restaurant. Rooms\/suites offer mini-fridges & 49-inch HDTVs.",
    "Description_fr": "Récemment rénové, avec de grandes chambres, une navette gratuite de 24 heures par aéroport et un nouveau restaurant. Les chambres\/suites offrent des mini-frigos et des TVHD de 49 pouces.",
    "Category": "Resort and Spa",
    "Tags": [ "laundry service", "view", "coffee in lobby" ],
    "ParkingIncluded": false,
    "LastRenovationDate": "1980-09-16T00:00:00Z",
    "Rating": 4.50,
    "Address": {
      "StreetAddress": "9025 SW Hillman Ct",
      "City": "Wilsonville",
      "StateProvince": "OR",
      "PostalCode": "97070",
      "Country": "USA"
    },
    "Location": {
      "type": "Point",
      "coordinates": [ -122.770576, 45.322392 ]
    }
  },
  {
    "HotelId": "13",
    "HotelName": "Historic Lion Resort",
    "Description": "Unmatched Luxury.  Visit our downtown hotel to indulge in luxury accommodations. Moments from the stadium, we feature the best in comfort",
    "Description_fr": "Un luxe inégalé.  Visitez notre hôtel du centre-ville pour vous adonner à des hébergements luxueux. Moments du stade, nous vous présentons le meilleur dans le confort",
    "Category": "Budget",
    "Tags": [ "view", "free wifi", "free wifi" ],
    "ParkingIncluded": false,
    "LastRenovationDate": "1954-03-18T00:00:00Z",
    "Rating": 4.10,
    "Address": {
      "StreetAddress": "3 Cityplace Dr",
      "City": "St. Louis",
      "StateProvince": "MO",
      "PostalCode": "63141",
      "Country": "USA"
    },
    "Location": {
      "type": "Point",
      "coordinates": [ -90.440810, 38.672190 ]
    }
  },
  {
    "HotelId": "14",
    "HotelName": "Twin Vertex Hotel",
    "Description": "New experience in the Making.  Be the first to experience the luxury of the Twin Vertex. Reserve one of our newly-renovated guest rooms today.",
    "Description_fr": "Nouvelle expérience dans la fabrication.  Soyez les premiers à découvrir le luxe du Twin vertex. Réservez une de nos chambres récemment rénovées aujourd'hui.",
    "Category": "Extended-Stay",
    "Tags": [ "bar", "restaurant", "air conditioning" ],
    "ParkingIncluded": false,
    "LastRenovationDate": "1959-11-14T00:00:00Z",
    "Rating": 4.40,
    "Address": {
      "StreetAddress": "1950 N Stemmons Fw",
      "City": "Dallas",
      "StateProvince": "TX",
      "PostalCode": "75207",
      "Country": "USA"
    },
    "Location": {
      "type": "Point",
      "coordinates": [ -96.819412, 32.800762 ]
    }
  },
  {
    "HotelId": "15",
    "HotelName": "Peaceful Market Hotel & Spa",
    "Description": "Book now and Save up to 30%.  Central location. Steps from Empire State Building & Times Square, in Chelsea neighborhood. Brand new rooms. Impeccable service.",
    "Description_fr": "Réservez dès maintenant et économisez jusqu'à 30%.  Emplacement central. A quelques pas de l'Empire State Building & Times Square, dans le quartier de Chelsea. Chambres flambant neuves. Service impeccable.",
    "Category": "Resort and Spa",
    "Tags": [ "continental breakfast", "restaurant", "view" ],
    "ParkingIncluded": true,
    "LastRenovationDate": "2013-10-30T00:00:00Z",
    "Rating": 3.30,
    "Address": {
      "StreetAddress": "11 Times Sq",
      "City": "New York",
      "StateProvince": "NY",
      "PostalCode": "10036",
      "Country": "USA"
    },
    "Location": {
      "type": "Point",
      "coordinates": [ -73.989792, 40.756729 ]
    }
  }
]